{
    "loss": 1.558640718460083,
    "accuracy": 0.8627451062202454
}